{
  "__type__": "cc.SpriteFrame",
  "content": {
    "name": "background",
    "atlas": "",
    "rect": {
      "x": 1,
      "y": 1,
      "width": 1965,
      "height": 1118
    },
    "offset": {
      "x": 0,
      "y": 0
    },
    "originalSize": {
      "width": 1967,
      "height": 1120
    },
    "rotated": false,
    "capInsets": [
      0,
      0,
      0,
      0
    ],
    "vertices": {
      "rawPosition": [
        -982.5,
        -559,
        0,
        982.5,
        -559,
        0,
        -982.5,
        559,
        0,
        982.5,
        559,
        0
      ],
      "indexes": [
        0,
        1,
        2,
        2,
        1,
        3
      ],
      "uv": [
        1,
        1119,
        1966,
        1119,
        1,
        1,
        1966,
        1
      ],
      "nuv": [
        0.0005083884087442806,
        0.0008928571428571428,
        0.9994916115912558,
        0.0008928571428571428,
        0.0005083884087442806,
        0.9991071428571429,
        0.9994916115912558,
        0.9991071428571429
      ],
      "minPos": {
        "x": -982.5,
        "y": -559,
        "z": 0
      },
      "maxPos": {
        "x": 982.5,
        "y": 559,
        "z": 0
      }
    },
    "texture": "a09eeb67-c1e0-4416-83b6-df99029dc3a7@6c48a",
    "packable": true,
    "pixelsToUnit": 100,
    "pivot": {
      "x": 0.5,
      "y": 0.5
    },
    "meshType": 0
  }
}