{
  "__type__": "cc.SpriteFrame",
  "content": {
    "name": "background",
    "atlas": "",
    "rect": {
      "x": 1,
      "y": 1,
      "width": 982,
      "height": 559
    },
    "offset": {
      "x": 0,
      "y": -0.5
    },
    "originalSize": {
      "width": 984,
      "height": 560
    },
    "rotated": false,
    "capInsets": [
      0,
      0,
      0,
      0
    ],
    "vertices": {
      "rawPosition": [
        -491,
        -279.5,
        0,
        491,
        -279.5,
        0,
        -491,
        279.5,
        0,
        491,
        279.5,
        0
      ],
      "indexes": [
        0,
        1,
        2,
        2,
        1,
        3
      ],
      "uv": [
        1,
        559,
        983,
        559,
        1,
        0,
        983,
        0
      ],
      "nuv": [
        0.0010162601626016261,
        0,
        0.9989837398373984,
        0,
        0.0010162601626016261,
        0.9982142857142857,
        0.9989837398373984,
        0.9982142857142857
      ],
      "minPos": {
        "x": -491,
        "y": -279.5,
        "z": 0
      },
      "maxPos": {
        "x": 491,
        "y": 279.5,
        "z": 0
      }
    },
    "texture": "01fa5c89-e86c-44a8-9e00-b686f12508ff@6c48a",
    "packable": true,
    "pixelsToUnit": 100,
    "pivot": {
      "x": 0.5,
      "y": 0.5
    },
    "meshType": 0
  }
}