{
  "__type__": "cc.SpriteFrame",
  "content": {
    "name": "circle",
    "atlas": "",
    "rect": {
      "x": 0,
      "y": 0,
      "width": 360,
      "height": 362
    },
    "offset": {
      "x": -8,
      "y": 0
    },
    "originalSize": {
      "width": 376,
      "height": 362
    },
    "rotated": false,
    "capInsets": [
      0,
      0,
      0,
      0
    ],
    "vertices": {
      "rawPosition": [
        -180,
        -181,
        0,
        180,
        -181,
        0,
        -180,
        181,
        0,
        180,
        181,
        0
      ],
      "indexes": [
        0,
        1,
        2,
        2,
        1,
        3
      ],
      "uv": [
        0,
        362,
        360,
        362,
        0,
        0,
        360,
        0
      ],
      "nuv": [
        0,
        0,
        0.9574468085106383,
        0,
        0,
        1,
        0.9574468085106383,
        1
      ],
      "minPos": {
        "x": -180,
        "y": -181,
        "z": 0
      },
      "maxPos": {
        "x": 180,
        "y": 181,
        "z": 0
      }
    },
    "texture": "f7cd6436-7e3c-4de7-9f50-2cbe6cf04788@6c48a",
    "packable": true,
    "pixelsToUnit": 100,
    "pivot": {
      "x": 0.5,
      "y": 0.5
    },
    "meshType": 0
  }
}