{
  "__type__": "cc.SpriteFrame",
  "content": {
    "name": "Component 2",
    "atlas": "",
    "rect": {
      "x": 1,
      "y": 2,
      "width": 994,
      "height": 650
    },
    "offset": {
      "x": -0.5,
      "y": 0.5
    },
    "originalSize": {
      "width": 997,
      "height": 655
    },
    "rotated": false,
    "capInsets": [
      0,
      0,
      0,
      0
    ],
    "vertices": {
      "rawPosition": [
        -497,
        -325,
        0,
        497,
        -325,
        0,
        -497,
        325,
        0,
        497,
        325,
        0
      ],
      "indexes": [
        0,
        1,
        2,
        2,
        1,
        3
      ],
      "uv": [
        1,
        653,
        995,
        653,
        1,
        3,
        995,
        3
      ],
      "nuv": [
        0.0010030090270812437,
        0.004580152671755725,
        0.9979939819458375,
        0.004580152671755725,
        0.0010030090270812437,
        0.9969465648854962,
        0.9979939819458375,
        0.9969465648854962
      ],
      "minPos": {
        "x": -497,
        "y": -325,
        "z": 0
      },
      "maxPos": {
        "x": 497,
        "y": 325,
        "z": 0
      }
    },
    "texture": "fb4f930a-5251-42e3-8e74-3c6832d9ddfe@6c48a",
    "packable": true,
    "pixelsToUnit": 100,
    "pivot": {
      "x": 0.5,
      "y": 0.5
    },
    "meshType": 0
  }
}