{
  "__type__": "cc.SpriteFrame",
  "content": {
    "name": "Cards",
    "atlas": "",
    "rect": {
      "x": 2,
      "y": 2,
      "width": 132,
      "height": 172
    },
    "offset": {
      "x": 0,
      "y": 0
    },
    "originalSize": {
      "width": 136,
      "height": 176
    },
    "rotated": false,
    "capInsets": [
      0,
      0,
      0,
      0
    ],
    "vertices": {
      "rawPosition": [
        -66,
        -86,
        0,
        66,
        -86,
        0,
        -66,
        86,
        0,
        66,
        86,
        0
      ],
      "indexes": [
        0,
        1,
        2,
        2,
        1,
        3
      ],
      "uv": [
        2,
        174,
        134,
        174,
        2,
        2,
        134,
        2
      ],
      "nuv": [
        0.014705882352941176,
        0.011363636363636364,
        0.9852941176470589,
        0.011363636363636364,
        0.014705882352941176,
        0.9886363636363636,
        0.9852941176470589,
        0.9886363636363636
      ],
      "minPos": {
        "x": -66,
        "y": -86,
        "z": 0
      },
      "maxPos": {
        "x": 66,
        "y": 86,
        "z": 0
      }
    },
    "texture": "17baa3e8-8c49-42d7-b116-681adfea90b3@6c48a",
    "packable": true,
    "pixelsToUnit": 100,
    "pivot": {
      "x": 0.5,
      "y": 0.5
    },
    "meshType": 0
  }
}