{
  "__type__": "cc.SpriteFrame",
  "content": {
    "name": "GOOD!",
    "atlas": "",
    "rect": {
      "x": 5,
      "y": 5,
      "width": 486,
      "height": 221
    },
    "offset": {
      "x": 0.5,
      "y": 0
    },
    "originalSize": {
      "width": 495,
      "height": 231
    },
    "rotated": false,
    "capInsets": [
      0,
      0,
      0,
      0
    ],
    "vertices": {
      "rawPosition": [
        -243,
        -110.5,
        0,
        243,
        -110.5,
        0,
        -243,
        110.5,
        0,
        243,
        110.5,
        0
      ],
      "indexes": [
        0,
        1,
        2,
        2,
        1,
        3
      ],
      "uv": [
        5,
        226,
        491,
        226,
        5,
        5,
        491,
        5
      ],
      "nuv": [
        0.010101010101010102,
        0.021645021645021644,
        0.9919191919191919,
        0.021645021645021644,
        0.010101010101010102,
        0.9783549783549783,
        0.9919191919191919,
        0.9783549783549783
      ],
      "minPos": {
        "x": -243,
        "y": -110.5,
        "z": 0
      },
      "maxPos": {
        "x": 243,
        "y": 110.5,
        "z": 0
      }
    },
    "texture": "3822d17d-6024-4998-aaf9-448ba294e7d8@6c48a",
    "packable": true,
    "pixelsToUnit": 100,
    "pivot": {
      "x": 0.5,
      "y": 0.5
    },
    "meshType": 0
  }
}