{
  "__type__": "cc.SpriteFrame",
  "content": {
    "name": "EPIC!",
    "atlas": "",
    "rect": {
      "x": 2,
      "y": 5,
      "width": 384,
      "height": 221
    },
    "offset": {
      "x": -1.5,
      "y": 0
    },
    "originalSize": {
      "width": 391,
      "height": 231
    },
    "rotated": false,
    "capInsets": [
      0,
      0,
      0,
      0
    ],
    "vertices": {
      "rawPosition": [
        -192,
        -110.5,
        0,
        192,
        -110.5,
        0,
        -192,
        110.5,
        0,
        192,
        110.5,
        0
      ],
      "indexes": [
        0,
        1,
        2,
        2,
        1,
        3
      ],
      "uv": [
        2,
        226,
        386,
        226,
        2,
        5,
        386,
        5
      ],
      "nuv": [
        0.005115089514066497,
        0.021645021645021644,
        0.9872122762148338,
        0.021645021645021644,
        0.005115089514066497,
        0.9783549783549783,
        0.9872122762148338,
        0.9783549783549783
      ],
      "minPos": {
        "x": -192,
        "y": -110.5,
        "z": 0
      },
      "maxPos": {
        "x": 192,
        "y": 110.5,
        "z": 0
      }
    },
    "texture": "4d7666f6-f37f-4eb8-bf14-5b12c8a59f6e@6c48a",
    "packable": true,
    "pixelsToUnit": 100,
    "pivot": {
      "x": 0.5,
      "y": 0.5
    },
    "meshType": 0
  }
}