{
  "__type__": "cc.SpriteFrame",
  "content": {
    "name": "UNBELIEVABLE",
    "atlas": "",
    "rect": {
      "x": 2,
      "y": 5,
      "width": 958,
      "height": 221
    },
    "offset": {
      "x": 0,
      "y": -0.5
    },
    "originalSize": {
      "width": 962,
      "height": 230
    },
    "rotated": false,
    "capInsets": [
      0,
      0,
      0,
      0
    ],
    "vertices": {
      "rawPosition": [
        -479,
        -110.5,
        0,
        479,
        -110.5,
        0,
        -479,
        110.5,
        0,
        479,
        110.5,
        0
      ],
      "indexes": [
        0,
        1,
        2,
        2,
        1,
        3
      ],
      "uv": [
        2,
        225,
        960,
        225,
        2,
        4,
        960,
        4
      ],
      "nuv": [
        0.002079002079002079,
        0.017391304347826087,
        0.997920997920998,
        0.017391304347826087,
        0.002079002079002079,
        0.9782608695652174,
        0.997920997920998,
        0.9782608695652174
      ],
      "minPos": {
        "x": -479,
        "y": -110.5,
        "z": 0
      },
      "maxPos": {
        "x": 479,
        "y": 110.5,
        "z": 0
      }
    },
    "texture": "68e3e1fc-95be-44b1-96c8-567355e78c04@6c48a",
    "packable": true,
    "pixelsToUnit": 100,
    "pivot": {
      "x": 0.5,
      "y": 0.5
    },
    "meshType": 0
  }
}