{
  "__type__": "cc.SpriteFrame",
  "content": {
    "name": "EXCELLENT",
    "atlas": "",
    "rect": {
      "x": 2,
      "y": 5,
      "width": 758,
      "height": 221
    },
    "offset": {
      "x": 0,
      "y": -0.5
    },
    "originalSize": {
      "width": 762,
      "height": 230
    },
    "rotated": false,
    "capInsets": [
      0,
      0,
      0,
      0
    ],
    "vertices": {
      "rawPosition": [
        -379,
        -110.5,
        0,
        379,
        -110.5,
        0,
        -379,
        110.5,
        0,
        379,
        110.5,
        0
      ],
      "indexes": [
        0,
        1,
        2,
        2,
        1,
        3
      ],
      "uv": [
        2,
        225,
        760,
        225,
        2,
        4,
        760,
        4
      ],
      "nuv": [
        0.0026246719160104987,
        0.017391304347826087,
        0.9973753280839895,
        0.017391304347826087,
        0.0026246719160104987,
        0.9782608695652174,
        0.9973753280839895,
        0.9782608695652174
      ],
      "minPos": {
        "x": -379,
        "y": -110.5,
        "z": 0
      },
      "maxPos": {
        "x": 379,
        "y": 110.5,
        "z": 0
      }
    },
    "texture": "982f5662-f59c-4f28-97dc-188273f7a9d6@6c48a",
    "packable": true,
    "pixelsToUnit": 100,
    "pivot": {
      "x": 0.5,
      "y": 0.5
    },
    "meshType": 0
  }
}